Id;Firstname;Lastname;EMail
1;Kalie;Mixture;kmixture0@bing.com
2;Glyn;MacNeish;gmacneish1@wunderground.com
3;Marla;Camous;mcamous2@weather.com
4;Lyn;Lindwasser;llindwasser3@flickr.com
5;Paton;Aizikovich;paizikovich4@prnewswire.com
6;Iona;Monelli;imonelli5@sbwire.com
7;Paton;Arnett;parnett6@globo.com
8;Brnaby;Colombier;bcolombier7@icio.us
9;Cyrillus;Rozsa;crozsa8@whitehouse.gov
10;Virgina;Jacobbe;vjacobbe9@blogger.com
11;Gamaliel;Durning;gdurninga@bbb.org
12;Giorgi;Semrad;gsemradb@discuz.net
13;Leelah;Dugald;ldugaldc@fema.gov
14;Saidee;Jesteco;sjestecod@seesaa.net
15;Jenilee;Marlon;jmarlone@statcounter.com
16;Deeyn;Duffield;dduffieldf@google.co.uk
17;Nicolais;Iban;nibang@samsung.com
18;Jessi;Patrie;jpatrieh@yellowpages.com
19;Rutledge;De Castri;rdecastrii@slashdot.org
20;Rosamund;Jereatt;rjereattj@vinaora.com
21;Crosby;Schmuhl;cschmuhlk@webeden.co.uk
22;Merle;Mordy;mmordyl@umn.edu
23;Jessie;Briscoe;jbriscoem@xinhuanet.com
24;Renaud;Geggus;rgeggusn@deliciousdays.com
25;Robinet;Relton;rreltono@w3.org
26;Farrah;Boulstridge;fboulstridgep@shareasale.com
27;Estelle;Bigrigg;ebigriggq@goodreads.com
28;Quintilla;Swatradge;qswatradger@thetimes.co.uk
29;Maryellen;Chateau;mchateaus@zdnet.com
30;Tamar;Kimblin;tkimblint@about.com